id,DNI,name_customer,last_name,email
1,123456789,John,Doe,johndoe@example.com
2,987654321,Jane,Smith,janesmith@example.com
3,456789123,Michael,Johnson,michaeljohnson@example.com
4,321654987,Sarah,Williams,sarahwilliams@example.com
5,789123456,Robert,Brown,robertbrown@example.com
6,654987321,Emily,Jones,emilyjones@example.com
7,369258147,David,Davis,daviddavis@example.com
8,852741963,Jessica,Miller,jessicamiller@example.com
9,741852963,Christopher,Anderson,christopheranderson@example.com
10,258369147,Amanda,Thomas,amandathomas@example.com
11,654123987,Matthew,Lee,matthewlee@example.com
12,963258741,Ashley,Clark,ashleyclark@example.com
13,789456123,Daniel,Allen,danielallen@example.com
14,321987654,Samantha,Hall,samanthahall@example.com
15,852963741,Andrew,Lewis,andrewlewis@example.com
16,456123789,Olivia,Young,oliviayoung@example.com
17,147852369,James,Green,jamesgreen@example.com
18,987123654,Elizabeth,Harris,elizabethharris@example.com
19,369741852,Joshua,Hill,joshuahill@example.com
20,654789123,Alexis,Scott,alexisscott@example.com